Name,Tier,Unique Id
Tier 1 Project safecracking,T1,12345678
Tier 2 Project safecracking,T2,12345679
Tier 3 Project safecracking,T3,12345680
Tier 4 Project safecracking,T4,12345681
Tier 5 Project safecracking,T5,12345682
Tier 1 Project Other,T1,12345683
Tier 2 Project Other,T2,12345684
Tier 3 Project Other,T3,12345685
Tier 4 Project Other,T4,12345686
Tier 5 Project Other,T5,12345687
Tier 1 Project impressioning,T1,12345688
Tier 2 Project impressioning,T2,12345689
Tier 3 Project impressioning,T3,12345690
Tier 4 Project impressioning,T4,12345691
Tier 5 Project impressioning,T5,12345692
Tier 1 Project Pickmaking,T1,12345693
Tier 2 Project Pickmaking,T2,12345694
Tier 3 Project Pickmaking,T3,12345695
Tier 4 Project Pickmaking,T4,12345696
Tier 5 Project Pickmaking,T5,12345697
Tier 1 Project Cutaways,T1,12345698
Tier 2 Project Cutaways,T2,12345699
Tier 3 Project Cutaways,T3,12345700
Tier 4 Project Cutaways,T4,12345701
Tier 5 Project Cutaways,T5,12345702
Tier 1 Project Challenge locks,T1,12345703
Tier 2 Project Challenge locks,T2,12345704
Tier 3 Project Challenge locks,T3,12345705
Tier 4 Project Challenge locks,T4,12345706
Tier 5 Project Challenge locks,T5,12345707
Tier 1 Project Community,T1,12345708
Tier 2 Project Community,T2,12345709
Tier 3 Project Community,T3,12345710
Tier 4 Project Community,T4,12345711
Tier 5 Project Community,T5,12345712
Tier 1 Project Picking Instruction,T1,12345713
Tier 2 Project Picking Instruction,T2,12345714
Tier 3 Project Picking Instruction,T3,12345715
Tier 4 Project Picking Instruction,T4,12345716
Tier 5 Project Picking Instruction,T5,12345717
Tier 1 Project Tool making,T1,12345718
Tier 2 Project Tool making,T2,12345719
Tier 3 Project Tool making,T3,12345720
Tier 4 Project Tool making,T4,12345721
Tier 5 Project Tool making,T5,12345722
Tier 1 Project Tool Manufacturing,T1,12345723
Tier 2 Project Tool Manufacturing,T2,12345724
Tier 3 Project Tool Manufacturing,T3,12345725
Tier 4 Project Tool Manufacturing,T4,12345726
Tier 5 Project Tool Manufacturing,T5,12345727
Tier 1 Project Lock Design,T1,12345728
Tier 2 Project Lock Design,T2,12345729
Tier 3 Project Lock Design,T3,12345730
Tier 4 Project Lock Design,T4,12345731
Tier 5 Project Lock Design,T5,12345732
Tier 1 Project Lock Manufacturing,T1,12345733
Tier 2 Project Lock Manufacturing,T2,12345734
Tier 3 Project Lock Manufacturing,T3,12345735
Tier 4 Project Lock Manufacturing,T4,12345736
Tier 5 Project Lock Manufacturing,T5,12345737